OptionCount,Mean,Variance,StdDeviation
1.000000,-242.142021,86379.706638,293.904247
3.000000,228.711614,61477.567741,247.946703
