OptionCount,Mean,Variance,StdDeviation
1.000000,905.410314,1712195.909271,1308.509041
2.000000,756.643374,911592.055422,954.773301
3.000000,3216.384609,1139374.240891,1067.414746
4.000000,2500.000000,0.000000,0.000000
